"experimentSeed","model","n","m","lambda","eta","legitimacySignal","reps","nOnePoint","nTwoPoint","nMultiPoint","onePointFrequency","twoPointFrequency","multiPointFrequency","meanMaxFrontSize","nCalibrated","nDegenerate","calibratedFrequency","degenerateFrequency","nMultiPointDegenerate","multiPointDegenerateFrequency","calibratedGivenMultiPoint","meanPStar","medianPStar","q1PStar","q3PStar","minPStar","maxPStar","meanAreaStar","medianAreaStar","nDegenerateWithWinnerSwitch","nDegenerateWithFiniteWinnerSwitch","nDegenerateWithInfinityWinnerSwitch","winnerSwitchFrequencyGivenDegenerate","finiteWinnerSwitchFrequencyGivenDegenerate","meanFirstWinnerSwitchP","medianFirstWinnerSwitchP","q1FirstWinnerSwitchP","q3FirstWinnerSwitchP"
123456,"TwoPole",51,3,0.5,1,"TopSupport",200,2,47,151,0.01,0.235,0.755,2.745,77,123,0.385,0.615,74,0.37,0.5099337748344371,"1.2577007055478457","1.2233801540552787","1.","1.3223626212165736","1.","1.5938606847697756","0.011136557334856842","0.008601247583154564",89,89,0,0.7235772357723578,0.7235772357723578,1.5143036160171193,1.2730185375943144,1.082466376912229,1.7004410155630727
123456,"TwoPole",51,3,0.5,2,"TopSupport",200,39,137,24,0.195,0.685,0.12,1.925,13,187,0.065,0.935,11,0.055,0.5416666666666666,"1.6740335319144886","1.6652275811027506","1.3923267326732671","2.17566478646253","1.","2.435943702634428","0.011672524430254027","0.012580072755759607",97,97,0,0.5187165775401069,0.5187165775401069,1.879844131072994,1.7369833590336334,1.3536409773826539,2.2224113719531116
123456,"TwoPole",51,3,0.5,3,"TopSupport",200,104,90,6,0.52,0.45,0.03,1.51,3,197,0.015,0.985,3,0.015,0.5,"1.877590925672613","1.879961008216126","1.7432851239669418","2.009526644834772","1.7432851239669418","2.009526644834772","0.007159620720148378","0.00743665629335312",45,45,0,0.22842639593908629,0.22842639593908629,1.9529863107685572,1.9068912400437852,1.4150462671072566,2.2224113719531116
123456,"TwoPole",51,3,0.6,1,"TopSupport",200,14,164,22,0.07,0.82,0.11,2.04,12,188,0.06,0.94,10,0.05,0.5454545454545454,"3.0202318403610904","2.9246100519930676","2.9246100519930676","2.9246100519930676","2.5037091988130564","3.7087912087912085","0.03757788426740124","0.03513122852484074",57,57,0,0.30319148936170215,0.30319148936170215,1.623062235773152,1.392324116466077,1.2537659274722734,1.8365134267862055
123456,"TwoPole",51,3,0.6,2,"TopSupport",200,44,134,22,0.22,0.67,0.11,1.89,9,191,0.045,0.955,13,0.065,0.4090909090909091,"1.62261664036832","1.1741172377804836","1.","1.7073479195649424","1.","3.3308660251665434","0.01369478848365437","0.013310714105180504",84,84,0,0.4397905759162304,0.4397905759162304,1.975044389030892,1.7369833590336334,1.3219291661716357,2.584967147535138
123456,"TwoPole",51,3,0.6,3,"TopSupport",200,84,103,13,0.42,0.515,0.065,1.645,3,197,0.015,0.985,10,0.05,0.23076923076923078,"1.3468736642934445","1.2233801540552787","1.2233801540552787","1.5938606847697756","1.2233801540552787","1.5938606847697756","0.011098266374931711","0.009933621734334416",47,47,0,0.23857868020304568,0.23857868020304568,1.8943573627998922,1.7004410155630727,1.3219291661716357,2.4150409410169296
123456,"TwoPole",51,3,0.7,1,"TopSupport",200,22,178,0,0.11,0.89,0,1.89,0,200,0,1,0,0,,"MeanOrMissing[Missing[""NoPStar""]]","MedianOrMissing[Missing[""NoPStar""]]","QuantileOrMissing[Missing[""NoPStar""], 1/4]","QuantileOrMissing[Missing[""NoPStar""], 3/4]","NumericValuesOnly[Missing[""NoPStar""]]","NumericValuesOnly[Missing[""NoPStar""]]","MeanOrMissing[Missing[""NoArea""]]","MedianOrMissing[Missing[""NoArea""]]",48,48,0,0.24,0.24,1.4612795404137475,1.3219291661716357,1.157546297171257,1.4150462671072566
123456,"TwoPole",51,3,0.7,2,"TopSupport",200,60,123,17,0.3,0.615,0.085,1.785,7,193,0.035,0.965,10,0.05,0.4117647058823529,"1.4476630470727982","1.4621466478934257","1.0025621031525007","1.6860247283626826","1.0025621031525007","2.1034590215020255","0.007429141491621639","0.004923703211339545",103,103,0,0.533678756476684,0.533678756476684,1.8518002734874726,1.6438666786398168,1.2801172607412672,2.3219378771076404
123456,"TwoPole",51,3,0.7,3,"TopSupport",200,102,86,12,0.51,0.43,0.06,1.55,3,197,0.015,0.985,9,0.045,0.25,"2.15490129920981","2.325581395348837","1.8135411069317569","2.325581395348837","1.8135411069317569","2.325581395348837","0.005795768886332483","0.004717497113752704",66,66,0,0.3350253807106599,0.3350253807106599,1.5908035075037228,1.4189758425543009,1.000005950963148,2.00001159674693
123456,"TwoPole",51,3,0.8,1,"TopSupport",200,53,147,0,0.265,0.735,0,1.735,0,200,0,1,0,0,,"MeanOrMissing[Missing[""NoPStar""]]","MedianOrMissing[Missing[""NoPStar""]]","QuantileOrMissing[Missing[""NoPStar""], 1/4]","QuantileOrMissing[Missing[""NoPStar""], 3/4]","NumericValuesOnly[Missing[""NoPStar""]]","NumericValuesOnly[Missing[""NoPStar""]]","MeanOrMissing[Missing[""NoArea""]]","MedianOrMissing[Missing[""NoArea""]]",14,14,0,0.07,0.07,1.2595751177080248,1.2107965235770655,1.0506305290120936,1.3985584195197238
123456,"TwoPole",51,3,0.8,2,"TopSupport",200,62,134,4,0.31,0.67,0.02,1.71,1,199,0.005,0.995,3,0.015,0.25,"1.","1.","1.","1.","1.","1.","0.0014619883040935663","0.0014619883040935663",101,101,0,0.507537688442211,0.507537688442211,2.1994893388654218,2.00001159674693,1.4150462671072566,2.8745095183915805
123456,"TwoPole",51,3,0.8,3,"TopSupport",200,107,86,7,0.535,0.43,0.035,1.5,4,196,0.02,0.98,3,0.015,0.5714285714285714,"1.709896906326104","1.6164533994450254","1.","2.009526644834772","1.","2.6066808264143657","0.004517606201657052","0.003673883359428253",51,51,0,0.2602040816326531,0.2602040816326531,1.8079804222944849,1.5849633566706869,1.2224008081692845,2.115479157514041
123456,"TwoPole",51,5,0.5,1,"TopSupport",200,0,0,200,0,0,1,4.04,137,63,0.685,0.315,63,0.315,0.685,"1.7538943499012793","1.5112504197917833","1.2016021361815754","2.035892022319409","1.","5.9628975265017665","0.021818180896864943","0.02033498929864356",32,32,0,0.5079365079365079,0.5079365079365079,1.0892152344182384,1.0692647134315738,1.0198581012861516,1.1033262248569284
123456,"TwoPole",51,5,0.5,2,"TopSupport",200,0,14,186,0,0.07,0.93,3.61,125,75,0.625,0.375,61,0.305,0.6720430107526881,"2.831372298527217","2.141157811260904","1.5028386953133697","3.2798833819241984","1.","11.042944785276074","0.01921745140558232","0.015832247113344203",23,23,0,0.30666666666666664,0.30666666666666664,1.4063708779136836,1.149989024076316,1.0480226440439449,1.2969128068754427
123456,"TwoPole",51,5,0.5,3,"TopSupport",200,5,43,152,0.025,0.215,0.76,3.1,110,90,0.55,0.45,42,0.21,0.7236842105263158,"3.195723785866466","2.3186476579276367","1.4542712485187976","3.9244186046511618","1.","12.064343163538874","0.012249276171856407","0.008816939437734882",35,35,0,0.3888888888888889,0.3888888888888889,1.7648774955176254,1.33215734238513,1.090969867151246,2.202775989822379
123456,"TwoPole",51,5,0.6,1,"TopSupport",200,0,0,200,0,0,1,3.27,139,61,0.695,0.305,61,0.305,0.695,"2.5005580317610923","2.267002518891687","1.801441152922338","2.9163966299416724","1.348786092516735","5.592377796188898","0.020981353669318876","0.017118200522802107",61,61,0,1,1,1.453140399355121,1.4371075754050582,1.3528563339484245,1.5638411370682797
123456,"TwoPole",51,5,0.6,2,"TopSupport",200,0,47,153,0,0.235,0.765,2.885,81,119,0.405,0.595,72,0.36,0.5294117647058824,"4.197932054977927","3.3724706470147385","2.632092025736011","4.775380261761585","1.2709470909433254","17.704918032786885","0.014640756347353382","0.012216151420023922",101,101,0,0.8487394957983193,0.8487394957983193,1.7215001647033856,1.4718875673383618,1.2410250272875527,1.894401346800958
123456,"TwoPole",51,5,0.6,3,"TopSupport",200,9,91,100,0.045,0.455,0.5,2.54,55,145,0.275,0.725,45,0.225,0.55,"5.092017802369515","4.368932038834951","3.0228392297357813","7.053291536050157","1.","15.428571428571425","0.011127019944363792","0.007233567722999775",101,101,0,0.696551724137931,0.696551724137931,2.112487043232636,1.6985160014689926,1.3219291661716357,2.4009281908667575
123456,"TwoPole",51,5,0.7,1,"TopSupport",200,0,5,195,0,0.025,0.975,3.03,154,46,0.77,0.23,41,0.205,0.7897435897435897,"3.5052433944755674","3.1649917433564356","2.6066808264143657","4.04191616766467","1.7660910518053372","9.64630225080386","0.017727084707413132","0.017247247948573484",45,45,0,0.9782608695652174,0.9782608695652174,2.0106074539274768,2.00001159674693,1.8152462850132773,2.2024006758832155
123456,"TwoPole",51,5,0.7,2,"TopSupport",200,5,74,121,0.025,0.37,0.605,2.58,92,108,0.46,0.54,29,0.145,0.7603305785123967,"5.347068520077423","4.996726792589606","3.7087912087912085","6.238447319778189","2.1034590215020255","19.285714285714285","0.013230697353228934","0.012349975073737873",95,95,0,0.8796296296296297,0.8796296296296297,2.2228774667504587,1.965391523349371,1.5778940738443639,2.584967147535138
123456,"TwoPole",51,5,0.7,3,"TopSupport",200,23,114,63,0.115,0.57,0.315,2.2,43,157,0.215,0.785,20,0.1,0.6825396825396826,"6.2781515465445805","4.9504950495049505","4.041916167664669","6.919528446950282","2.158273381294964","20.","0.005296622385245317","0.0034096861195297033",123,123,0,0.7834394904458599,0.7834394904458599,2.7038104808525385,2.2665664161094443,1.6359448557577216,3.376485674820566
123456,"TwoPole",51,5,0.8,1,"TopSupport",200,0,17,183,0,0.085,0.915,2.915,151,49,0.755,0.245,32,0.16,0.825136612021858,"5.088000419907378","4.775380261761585","4.249291784702549","5.834053586862576","2.7113878288813016","10.452961672473869","0.017537516688875793","0.015050426685878826",49,49,0,1,1,2.4935449214377603,2.664694385137303,1.799944081327063,3.03175253764016
123456,"TwoPole",51,5,0.8,2,"TopSupport",200,18,123,59,0.09,0.615,0.295,2.205,45,155,0.225,0.775,14,0.07,0.7627118644067796,"6.527898940793157","6.097560975609756","4.861361181130716","7.736389684813753","3.5498290823034444","13.6986301369863","0.012093269873023813","0.009229163044823439",136,136,0,0.8774193548387097,0.8774193548387097,2.7686286862181975,2.3753028406380468,1.764876807904028,3.356388358961885
123456,"TwoPole",51,5,0.8,3,"TopSupport",200,67,116,17,0.335,0.58,0.085,1.75,12,188,0.06,0.94,5,0.025,0.7058823529411765,"10.810233827340163","8.454181533885501","7.364975450081833","14.19558359621451","3.3202164289227745","20.","0.004522257807592291","0.0020827525462563663",118,118,0,0.6276595744680851,0.6276595744680851,3.087183397573995,2.562819739629079,1.6914720499058589,4.010618936123599
123456,"TwoPole",51,7,0.5,1,"TopSupport",200,0,0,200,0,0,1,4,91,109,0.455,0.545,109,0.545,0.455,"1.0825709964933254","1.0550171928727727","1.0025621031525007","1.1298962169400737","1.","1.4068361817423927","0.01078566217206647","0.00927305288376808",97,97,0,0.8899082568807339,0.8899082568807339,1.3969122685697721,1.0516562591167025,1.0117040024798605,1.6486405306561707
123456,"TwoPole",51,7,0.5,2,"TopSupport",200,0,0,200,0,0,1,4.84,101,99,0.505,0.495,99,0.495,0.505,"1.1430959208868534","1.0921446484912223","1.015572105619499","1.179245283018868","1.","2.055420219244823","0.014861234734348352","0.011729248285490206",75,75,0,0.7575757575757576,0.7575757575757576,1.7545531741423095,1.328177296753063,1.0432274978060483,2.144528582315951
123456,"TwoPole",51,7,0.5,3,"TopSupport",200,0,0,200,0,0,1,4.935,121,79,0.605,0.395,79,0.395,0.605,"1.3389710854499295","1.1442617392778438","1.0395010395010396","1.3555577869263984","1.","7.079181961195594","0.016454403519025593","0.013809182209469162",59,59,0,0.7468354430379747,0.7468354430379747,2.757865369450496,1.3042306698789503,1.0541896865838214,3.76596062566802
123456,"TwoPole",51,7,0.6,1,"TopSupport",200,0,0,200,0,0,1,3.28,105,95,0.525,0.475,95,0.475,0.525,"1.4935126509038708","1.4945200929923614","1.3711151736745886","1.6129032258064517","1.169033598891583","1.9477708844322608","0.007110876611713177","0.005885640227086175",95,95,0,1,1,1.2369826666600074,1.2277326399361554,1.1888711674070505,1.2742444964404918
123456,"TwoPole",51,7,0.6,2,"TopSupport",200,0,0,200,0,0,1,4.025,127,73,0.635,0.365,73,0.365,0.635,"1.647141853445056","1.5112504197917833","1.3555577869263984","1.6449372486901424","1.0709186101856258","6.346967559943582","0.009537557035277415","0.00774868859994207",73,73,0,1,1,1.2674845595626079,1.2474092408706967,1.165276274814307,1.337075632624923
123456,"TwoPole",51,7,0.6,3,"TopSupport",200,0,1,199,0,0.005,0.995,4.215,122,78,0.61,0.39,77,0.385,0.6130653266331658,"2.1292046281249033","1.7660910518053372","1.530612244897959","2.229562345169281","1.0235414534288638","20.","0.018140964939808647","0.011128632943702204",76,76,0,0.9743589743589743,0.9743589743589743,1.3726093807876825,1.3253817770106577,1.2194999410123473,1.403968498970953
123456,"TwoPole",51,7,0.7,1,"TopSupport",200,0,0,200,0,0,1,3.085,122,78,0.61,0.39,78,0.39,0.61,"1.912594288099691","1.8669616927119346","1.7432851239669418","2.039891205802357","1.4291763709506669","2.8932704672096015","0.00728274013326634","0.005726634660679585",78,78,0,1,1,1.5176905383874248,1.5222356564813166,1.464792434468665,1.581606869718706
123456,"TwoPole",51,7,0.7,2,"TopSupport",200,0,1,199,0,0.005,0.995,3.685,124,76,0.62,0.38,75,0.375,0.6231155778894473,"2.2365431882628632","2.03224314339308","1.838235294117647","2.3927685218007797","1.3995438523740409","5.710659898477157","0.011174552167225477","0.00844208916946642",76,76,0,1,1,1.6080964877474389,1.6138402719029699,1.4970377219881073,1.6962014570519597
123456,"TwoPole",51,7,0.7,3,"TopSupport",200,0,3,197,0,0.015,0.985,3.705,144,56,0.72,0.28,53,0.265,0.7309644670050761,"3.0571892198676784","2.4441298894643526","2.055420219244823","3.2119914346895073","1.2417218543046358","20.","0.01637485245262994","0.014408019117819169",56,56,0,1,1,1.6877498929652701,1.6489402062340377,1.4776211507975785,1.8326078701246553
123456,"TwoPole",51,7,0.8,1,"TopSupport",200,0,1,199,0,0.005,0.995,3.01,122,78,0.61,0.39,77,0.385,0.6130653266331658,"2.499127753549184","2.469413263032287","2.2481265611990007","2.7388922702373706","1.838235294117647","3.7087912087912085","0.007022972155584402","0.0054941301899844594",78,78,0,1,1,1.8656224695481394,1.8419392220856254,1.7425852513621256,1.9792112751259505
123456,"TwoPole",51,7,0.8,2,"TopSupport",200,0,6,194,0,0.03,0.97,3.44,138,62,0.69,0.31,56,0.28,0.711340206185567,"2.968063762025971","2.7113878288813016","2.305721605465414","3.2119914346895073","1.838235294117647","6.7669172932330826","0.010729017283081827","0.009038223344398782",62,62,0,1,1,2.043161629643026,2.0233279272560853,1.9001207291063846,2.152880959834855
123456,"TwoPole",51,7,0.8,3,"TopSupport",200,0,15,185,0,0.075,0.925,3.335,126,74,0.63,0.37,59,0.295,0.6810810810810811,"4.019011569229219","3.188274198357412","2.4807056229327453","4.103343465045592","1.7182130584192439","20.","0.012476414138775475","0.010058413605390646",73,73,0,0.9864864864864865,0.9864864864864865,2.2275086826568655,2.1881189308880824,1.9566267535031252,2.485371855788058
